{
  "licenses": [{ "name": "", "id": 0, "url": "" }],
  "info": {
    "contributor": "",
    "date_created": "",
    "description": "",
    "url": "",
    "version": "",
    "year": ""
  },
  "categories": [
    { "id": 1, "name": "ripe_tomatoes", "supercategory": "" },
    { "id": 2, "name": "unripe_tomatoes", "supercategory": "" }
  ],
  "images": [
    {
      "id": 1,
      "width": 1920,
      "height": 1080,
      "file_name": "tomatoes1.jpg",
      "license": 0,
      "flickr_url": "",
      "coco_url": "",
      "date_captured": 0
    },
    {
      "id": 2,
      "width": 1920,
      "height": 1080,
      "file_name": "tomatoes2.jpg",
      "license": 0,
      "flickr_url": "",
      "coco_url": "",
      "date_captured": 0
    }
  ],
  "annotations": [
    {
      "id": 1,
      "image_id": 1,
      "category_id": 1,
      "segmentation": [
        [
          131.88, 844.32, 133.8, 844.32, 135.72, 844.32, 137.64, 844.56, 139.56,
          845.04, 141.48, 845.04, 143.28, 845.16, 145.2, 845.16, 147.36, 845.16,
          149.28, 845.4, 151.2, 845.4, 152.88, 846.12, 154.8, 846.12, 156.72,
          845.4, 158.4, 844.32, 159.4, 843.2, 160.3, 842.3, 162.0, 841.92,
          164.04, 841.92, 165.84, 842.04, 167.76, 842.76, 169.3, 843.0, 171.5,
          843.1, 173.5, 843.2, 175.2, 843.72, 177.36, 843.72, 179.28, 843.72,
          181.2, 843.72, 183.24, 843.72, 185.28, 843.0, 187.2, 842.4, 188.76,
          841.32, 188.88, 839.4, 187.08, 839.16, 185.16, 839.16, 183.36, 838.8,
          181.44, 838.2, 179.52, 837.72, 177.84, 836.88, 176.16, 836.04, 174.36,
          835.2, 172.56, 834.72, 170.88, 834.0, 169.2, 833.28, 167.52, 832.44,
          165.72, 831.84, 163.8, 831.48, 161.88, 831.48, 159.96, 831.48, 157.92,
          831.84, 156.48, 833.28, 155.04, 834.6, 153.72, 835.92, 152.4, 837.36,
          151.2, 838.8, 150.36, 840.84, 148.68, 841.68, 146.88, 841.92, 145.2,
          842.64, 143.4, 842.88, 141.12, 842.88, 139.2, 842.64, 137.28, 842.52,
          135.36, 842.52, 133.44, 842.52, 130.5, 842.4
        ]
      ],
      "area": 367.0,
      "bbox": [130.5, 831.48, 58.38, 14.64],
      "iscrowd": 0,
      "attributes": { "occluded": false }
    },
    {
      "id": 2,
      "image_id": 1,
      "category_id": 2,
      "segmentation": [
        [
          489.0, 496.0, 489.3, 497.5, 490.1, 498.8, 490.0, 500.2, 490.0, 500.7,
          490.0, 501.5, 490.0, 501.9, 490.4, 502.5, 491.6, 502.5, 492.3, 502.5,
          492.4, 501.6, 492.6, 500.6, 492.6, 498.9, 492.6, 498.1, 491.2, 497.4,
          490.2, 496.2, 489.4, 495.6
        ]
      ],
      "area": 17.0,
      "bbox": [489.0, 495.6, 3.6, 6.9],
      "iscrowd": 0,
      "attributes": { "occluded": false }
    }
  ]
}
