<?xml version="1.0" encoding="utf-8"?>
<annotations>
  <version>1.1</version>
  <meta>
    <task>
      <id>4533</id>
      <name>T1</name>
      <size>1400</size>
      <mode>annotation</mode>
      <overlap>0</overlap>
      <bugtracker></bugtracker>
      <created>2023-05-10 10:29:05.722663+00:00</created>
      <updated>2023-05-29 05:26:40.773194+00:00</updated>
      <subset>default</subset>
      <start_frame>0</start_frame>
      <stop_frame>1399</stop_frame>
      <frame_filter></frame_filter>
      <segments>
        <segment>
          <id>3961</id>
          <start>0</start>
          <stop>1399</stop>
          <url>http://34.79.154.216:8080/?id=3961</url>
        </segment>
      </segments>
      <owner>
        <username>ilkerAlpaydin</username>
        <email></email>
      </owner>
      <assignee></assignee>
      <labels>
        <label>
          <name>Female</name>
          <color>#f00b7d</color>
          <attributes>
          </attributes>
        </label>
        <label>
          <name>Male</name>
          <color>#0f0fe9</color>
          <attributes>
          </attributes>
        </label>
        <label>
          <name>Unknown</name>
          <color>#07f107</color>
          <attributes>
          </attributes>
        </label>
      </labels>
    </task>
    <dumped>2023-08-01 12:00:00.000000+00:00</dumped>
  </meta>
  <image id="1" name="tomatoes1.jpg" width="1920" height="1080">
    <tag label="ripe_tomatoes" source="manual">
    </tag>
  </image>
  <image id="2" name="tomatoes2.jpg" width="1920" height="1080">
    <tag label="unripe_tomatoes" source="manual">
    </tag>
  </image>
</annotations>
